Stock Symbol,Type,Last Dividend,Fixed Dividend,Par Value,Ticker price,Timestamp,Indicator,quantity,tradeprice
VHV,Common,13,0.74,100,160,1436912394819,Buy,5424,176
LHR,Common,13,0.14,210,304,1436912555553,Buy,9027,334.4
CDF,Common,11,0.49,190,944,1436910323901,Buy,8844,1038.4
BSQ,Preferred,7,0.83,250,722,1436910833914,Buy,7335,794.2
GAS,Preferred,31,0.25,380,542,1436908597206,Sell,4847,596.2
QLP,Common,8,0.48,50,331,1436910976928,Buy,8759,364.1
MBS,Preferred,3,0.18,480,715,1436911686115,Buy,5491,786.5
PYO,Preferred,39,0.39,190,966,1436909687397,Buy,3039,1062.6
BTW,Preferred,21,0.61,80,608,1436911309731,Buy,6492,668.8
UGN,Preferred,36,0.86,490,341,1436916875372,Sell,8644,375.1
DXD,Preferred,14,0.66,230,774,1436913491742,Buy,6344,851.4
RYY,Preferred,41,0.9,220,674,1436911773538,Buy,8206,741.4
EAO,Preferred,6,0.99,50,99,1436911946212,Sell,9061,108.9
AJJ,Common,36,0.68,220,727,1436916352790,Sell,1560,799.7
LYP,Preferred,44,0.84,160,230,1436915170155,Sell,1437,253
LDN,Common,42,0.8,120,525,1436911913281,Buy,1968,577.5
FYC,Preferred,29,0.36,50,70,1436911574130,Sell,8379,77
WKH,Preferred,9,0.41,480,694,1436908099151,Buy,6634,763.4
WIX,Common,24,0.12,170,273,1436913115481,Buy,3890,300.3
RTT,Common,43,0.45,120,572,1436912056286,Sell,968,629.2
AJV,Preferred,32,0.27,280,549,1436916037831,Sell,8806,603.9
YPO,Common,2,0.28,30,528,1436907674311,Sell,7357,580.8
SKE,Common,5,0.32,310,271,1436917347203,Buy,5531,298.1
ZRL,Common,19,0.88,500,774,1436915644489,Buy,1724,851.4
KUH,Common,33,0.14,190,732,1436913746955,Buy,9366,805.2
CDR,Preferred,0,0.08,410,377,1436909707143,Sell,2308,414.7
WSX,Preferred,29,0.48,480,848,1436915546225,Buy,228,932.8
QAW,Common,41,0.51,150,301,1436908639439,Buy,3860,331.1
QQF,Common,25,0.88,90,293,1436915488945,Sell,6599,322.3
XTM,Preferred,29,1,170,995,1436910267496,Sell,5149,1094.5
NZM,Preferred,28,0.04,40,383,1436915747162,Sell,4627,421.3
FXL,Common,8,0.68,160,778,1436908602934,Sell,5853,855.8
OEQ,Preferred,25,0.98,60,89,1436912095544,Sell,2214,97.9
FQA,Common,47,0.9,60,482,1436914502707,Buy,2234,530.2
RYN,Common,40,0.31,330,372,1436917350343,Sell,8433,409.2
ATN,Common,22,0.44,80,46,1436916578619,Buy,6049,50.6
MHM,Common,30,0.15,310,503,1436910140350,Buy,6613,553.3
YSC,Common,6,0.07,340,622,1436912416331,Buy,2969,684.2
FUU,Preferred,43,0.56,30,52,1436910798632,Buy,9722,57.2
SLK,Preferred,28,0.19,80,532,1436914225404,Sell,9397,585.2
QQB,Common,7,0.53,470,509,1436912398210,Buy,6123,559.9
QOH,Preferred,37,0.13,110,46,1436914613800,Buy,3973,50.6
FFI,Preferred,10,0.83,220,455,1436910159511,Buy,735,500.5
PYF,Common,22,0.35,300,341,1436909577324,Buy,1081,375.1
VDH,Preferred,50,0.55,260,229,1436907828267,Buy,4017,251.9
YNJ,Preferred,15,0.42,150,989,1436913956005,Sell,5399,1087.9
MGX,Common,4,0.49,90,991,1436909548191,Buy,6528,1090.1
MFV,Preferred,26,0.63,80,806,1436916497406,Buy,2953,886.6
XWS,Preferred,13,0.37,350,728,1436916353851,Buy,2672,800.8
XCT,Common,15,0.44,170,33,1436916065987,Buy,8446,36.3
SCO,Common,42,0.17,330,230,1436913819850,Sell,6481,253
DCP,Common,3,0.89,190,266,1436907683830,Buy,5225,292.6
IZV,Common,31,0.12,190,656,1436912835687,Buy,6209,721.6
SXL,Preferred,22,0.63,350,567,1436909338956,Sell,6801,623.7
CPD,Common,36,0.25,160,45,1436908480332,Sell,321,49.5
FIH,Common,6,0.26,400,624,1436913734719,Sell,4722,686.4
WIQ,Common,42,0.57,450,215,1436908153675,Buy,7346,236.5
KIU,Preferred,33,0.38,170,440,1436914756524,Sell,4215,484
KUD,Preferred,36,0.49,190,120,1436912958909,Sell,8854,132
TIK,Common,24,0.76,270,434,1436917093177,Sell,5790,477.4
VWQ,Common,48,0.28,370,484,1436909617129,Buy,5485,532.4
SER,Preferred,23,0.87,410,351,1436916298358,Buy,9366,386.1
CFN,Common,25,0.15,250,320,1436912235307,Buy,7675,352
SLG,Common,23,0.39,410,950,1436913670932,Buy,1582,1045
PSK,Preferred,24,0.7,20,170,1436914205166,Buy,3394,187
FFZ,Common,6,0.45,170,38,1436909471895,Sell,3274,41.8
QFD,Preferred,9,0.12,130,378,1436911836641,Sell,5690,415.8
LKK,Common,7,0.71,490,970,1436912232546,Buy,1177,1067
KTN,Common,22,0.13,260,677,1436910322087,Buy,120,744.7
KOK,Preferred,41,0.8,380,512,1436916264204,Sell,5349,563.2
RDN,Preferred,22,0.57,440,233,1436910231934,Buy,7810,256.3
WTX,Preferred,11,0.98,260,523,1436910064571,Sell,4831,575.3
LLV,Preferred,50,0.72,310,48,1436911315560,Sell,3800,52.8
HVJ,Common,8,0.4,430,251,1436915435698,Buy,7980,276.1
TFE,Preferred,19,0.8,430,99,1436916351727,Sell,9977,108.9
DAZ,Preferred,40,0.21,120,794,1436907637826,Buy,4082,873.4
DWH,Preferred,18,0.89,260,972,1436913288514,Buy,1591,1069.2
UGN,Common,40,0.55,420,247,1436911573117,Buy,3739,271.7
UNY,Preferred,32,0.43,110,438,1436912676120,Sell,9623,481.8
KES,Preferred,41,0.65,480,183,1436917316651,Buy,463,201.3
CFT,Common,44,0.28,20,539,1436916621233,Sell,4631,592.9
RWL,Preferred,21,0.67,230,259,1436912093301,Buy,8839,284.9
MOP,Common,10,0.39,440,37,1436909030173,Buy,7835,40.7
WGP,Common,10,0.12,70,168,1436909526892,Sell,4204,184.8
SDR,Preferred,28,0.2,140,228,1436908097823,Buy,9240,250.8
YPK,Preferred,12,0.27,380,946,1436913427775,Buy,8606,1040.6
GFN,Common,14,0.19,430,770,1436916120128,Sell,6266,847
CVR,Common,45,1,440,5,1436914763316,Sell,9268,5.5
NBP,Common,3,0.07,10,785,1436907532939,Buy,9276,863.5
BYV,Preferred,36,0.68,240,232,1436907944551,Buy,8397,255.2
RKZ,Preferred,32,0.21,130,85,1436908861336,Buy,1279,93.5
FXH,Common,39,0.07,20,28,1436908245300,Sell,1649,30.8
ZNK,Preferred,33,0.7,480,468,1436908939280,Buy,9878,514.8
HXN,Common,35,0.39,180,737,1436910257018,Sell,9837,810.7
PCH,Preferred,4,0.45,310,967,1436911169403,Sell,1179,1063.7
OFD,Common,20,0.35,270,151,1436911865732,Sell,9675,166.1
KFR,Preferred,45,0.15,110,211,1436914926187,Sell,2398,232.1
CVZ,Preferred,42,0.02,160,470,1436910227853,Buy,5860,517
LOE,Common,24,0.29,420,908,1436909380514,Buy,3223,998.8
NZU,Preferred,7,0.36,130,52,1436917300843,Buy,1545,57.2
EGO,Common,10,0.69,460,275,1436913321596,Buy,7191,302.5
LCT,Preferred,11,0.71,30,536,1436913721850,Sell,3282,589.6
EDQ,Common,6,0.42,60,895,1436911465230,Sell,6692,984.5
KBL,Common,25,0.64,440,574,1436907666602,Sell,316,631.4
STN,Preferred,34,0.36,420,3,1436915057417,Sell,3223,3.3
VXS,Common,48,0.96,310,372,1436914285226,Sell,4973,409.2
NSC,Preferred,34,0.38,260,942,1436914749695,Buy,3602,1036.2
TIH,Preferred,39,0.88,140,180,1436911624692,Buy,9086,198
XFA,Common,38,0.89,180,244,1436915377133,Sell,6569,268.4
VFO,Common,49,0.86,430,513,1436916601984,Sell,5636,564.3
OWJ,Preferred,31,0.01,320,160,1436910555557,Sell,193,176
ILF,Common,19,0.48,90,453,1436909076402,Buy,5158,498.3
ORG,Common,28,0.11,130,918,1436909715066,Buy,3936,1009.8
NML,Preferred,11,0.24,420,218,1436909043277,Sell,8515,239.8
QNO,Preferred,10,0.27,150,291,1436910383931,Sell,7528,320.1
BUQ,Preferred,18,0.31,60,40,1436910633051,Buy,6485,44
XTG,Preferred,46,0.14,230,777,1436917255686,Buy,6310,854.7
XOU,Common,40,0.21,80,557,1436917455903,Buy,9037,612.7
IDW,Preferred,17,0.5,190,170,1436915500437,Buy,5760,187
QUR,Preferred,7,0.82,390,754,1436911749283,Sell,1567,829.4
EZU,Preferred,3,0.18,490,457,1436914733870,Buy,7779,502.7
IVZ,Preferred,31,0.4,310,754,1436907646462,Buy,4929,829.4
XVT,Preferred,3,0.99,320,535,1436908938131,Sell,9549,588.5
YTE,Preferred,14,0.35,50,345,1436910168923,Sell,4065,379.5
LHE,Common,5,0.11,450,206,1436910502338,Sell,3527,226.6
UPD,Common,40,0.92,50,274,1436908059358,Buy,1191,301.4
BGB,Preferred,11,0.72,320,488,1436907669582,Buy,7429,536.8
LEH,Preferred,29,0.55,330,577,1436915076014,Buy,8276,634.7
NFY,Preferred,41,0.27,220,504,1436909579943,Buy,6123,554.4
DYM,Common,26,0.93,260,286,1436914310724,Sell,8020,314.6
OMF,Common,39,0.38,80,730,1436908701964,Sell,2381,803
IMW,Common,10,0.34,60,39,1436914574740,Sell,2420,42.9
WCF,Preferred,19,0.99,190,607,1436912503127,Buy,4428,667.7
ILS,Common,37,0.14,390,788,1436907756255,Sell,6242,866.8
TDA,Preferred,11,0.32,170,882,1436909702031,Buy,6681,970.2
NJL,Preferred,35,0.74,270,63,1436914986247,Buy,6858,69.3
TSO,Preferred,26,0.62,40,703,1436913976973,Buy,7762,773.3
DEO,Preferred,6,0.36,270,343,1436914586509,Sell,4504,377.3
OWJ,Common,21,0.81,470,613,1436911043199,Sell,8579,674.3
PKM,Preferred,17,0.3,450,139,1436911345681,Buy,5082,152.9
MMK,Common,46,0.14,220,855,1436913111316,Sell,6468,940.5
FDD,Preferred,32,0.85,180,382,1436909463359,Buy,1188,420.2
ZLP,Common,18,0.06,310,817,1436913415555,Buy,2243,898.7
UBH,Preferred,11,0.07,430,722,1436917100442,Sell,8200,794.2
AJI,Preferred,1,0.61,250,547,1436915981182,Sell,8838,601.7
AZS,Preferred,30,0.44,170,492,1436911436333,Buy,2360,541.2
UXF,Common,34,0.48,440,932,1436908935290,Buy,890,1025.2
EEO,Common,31,0.07,210,60,1436910414302,Buy,1867,66
TFF,Preferred,23,0.9,490,331,1436917382783,Sell,4602,364.1
AJF,Preferred,26,0.86,40,996,1436912836955,Sell,9651,1095.6
ZWD,Preferred,36,1,200,667,1436916144374,Sell,1597,733.7
KMF,Common,34,0.02,310,410,1436907589135,Buy,9043,451
NGA,Common,27,0.35,130,708,1436913563152,Sell,4817,778.8
YGF,Preferred,28,0.56,410,976,1436907599942,Sell,5354,1073.6
UZO,Common,27,0.38,430,612,1436914421600,Sell,4982,673.2
FMH,Preferred,18,0.15,220,360,1436908364862,Sell,362,396
LUA,Common,39,0.49,220,853,1436908741540,Sell,2733,938.3
SCR,Preferred,5,0.83,380,942,1436914904541,Sell,8690,1036.2
OJQ,Common,18,0.67,240,314,1436914473489,Buy,3534,345.4
KPC,Common,21,0.07,70,472,1436914119181,Sell,733,519.2
GQD,Common,40,0.26,390,879,1436916975366,Buy,4041,966.9
DKY,Preferred,21,0.96,380,722,1436912717853,Sell,810,794.2
UJO,Common,35,0.05,20,780,1436917288905,Buy,7144,858
NJB,Preferred,6,0.38,190,733,1436914174184,Buy,7791,806.3
QBU,Common,15,0.21,320,310,1436907816087,Buy,2382,341
FDW,Common,44,0.44,90,897,1436916141251,Buy,3164,986.7
QSR,Preferred,28,0.73,370,588,1436913128209,Sell,9196,646.8
VDO,Preferred,43,0.82,280,409,1436908019381,Buy,4709,449.9
LWR,Common,18,0.97,220,972,1436912789699,Sell,3714,1069.2
ZKE,Common,31,0.01,280,953,1436908698355,Sell,3770,1048.3
HEM,Common,19,0.98,370,201,1436910920459,Sell,1028,221.1
RUP,Preferred,8,0.38,150,728,1436912589506,Buy,5993,800.8
ZKU,Common,39,0.26,90,537,1436915515080,Sell,8398,590.7
HBT,Preferred,22,0.57,70,462,1436907564201,Buy,825,508.2
JCE,Preferred,3,0.7,130,133,1436907526104,Buy,4911,146.3
USG,Preferred,3,0.09,410,92,1436910702757,Buy,5082,101.2
BOP,Common,49,0.91,280,375,1436916826942,Buy,9612,412.5
HZF,Preferred,43,0.02,50,471,1436913908624,Buy,1541,518.1
MGR,Common,1,0.72,140,547,1436910487084,Sell,3824,601.7
NYU,Preferred,41,0.13,50,404,1436913289247,Buy,511,444.4
VVV,Preferred,10,0.06,20,10,1436907878314,Sell,9,11
RPE,Preferred,39,0.21,120,731,1436916624072,Sell,4656,804.1
KAW,Preferred,49,0.52,170,843,1436912754017,Buy,985,927.3
NEY,Common,27,0.69,360,733,1436912495667,Sell,1152,806.3
IEV,Preferred,21,0.33,180,568,1436913939719,Buy,5827,624.8
KOP,Common,43,0.07,340,804,1436909792051,Buy,5868,884.4
QRN,Common,22,0.18,470,628,1436915966627,Buy,1772,690.8
FMF,Preferred,33,0.56,80,903,1436914095477,Buy,5395,993.3
ONY,Common,15,0.58,450,341,1436907809827,Buy,8241,375.1
GFP,Common,10,0.09,470,577,1436915034729,Sell,5911,634.7
WMR,Preferred,2,0.93,330,142,1436915158974,Buy,8774,156.2
HFD,Common,38,0.74,310,146,1436912140010,Buy,4968,160.6
POQ,Preferred,15,0.18,360,871,1436916659970,Sell,597,958.1
ZHE,Preferred,5,0.05,140,186,1436912817077,Sell,7537,204.6
GMQ,Common,19,0.22,160,125,1436914869480,Buy,5792,137.5
KFX,Preferred,37,0.74,90,846,1436908447916,Sell,9472,930.6
GGB,Preferred,24,0.64,500,709,1436911221654,Sell,8557,779.9
RUB,Preferred,40,0.65,350,969,1436908968021,Sell,9201,1065.9
JKJ,Common,40,0.61,390,84,1436915763736,Sell,4766,92.4
ZDC,Common,22,0.83,110,136,1436910560105,Sell,2987,149.6
LEM,Preferred,46,0.36,220,868,1436907559915,Sell,9778,954.8
MTS,Preferred,21,0.18,60,532,1436914635107,Buy,4746,585.2
SSK,Common,2,0.62,130,174,1436915504349,Buy,2137,191.4
XWU,Preferred,28,0.34,20,255,1436908244510,Buy,402,280.5
WRZ,Preferred,26,0.5,70,246,1436917340379,Buy,9545,270.6
MKJ,Preferred,18,0.42,80,274,1436913820963,Buy,9827,301.4
KZM,Preferred,18,0.54,40,229,1436910243956,Buy,3063,251.9
XTU,Common,29,0.97,110,442,1436915956506,Buy,8573,486.2
FCS,Preferred,3,0.3,110,461,1436916266282,Sell,9908,507.1
RUZ,Preferred,24,0.8,260,873,1436910510625,Buy,5800,960.3
UDW,Preferred,4,0.8,250,178,1436915179093,Buy,1792,195.8
RLV,Preferred,31,1,70,339,1436909651390,Buy,4385,372.9
KMG,Preferred,9,0.91,130,745,1436912992289,Buy,7807,819.5
EHY,Preferred,19,0.05,130,300,1436910274253,Sell,3470,330
WJU,Preferred,41,0.06,180,36,1436914678310,Buy,5921,39.6
ZBX,Preferred,36,0.59,260,837,1436914649918,Buy,1916,920.7
SRQ,Preferred,0,0.58,30,738,1436915427326,Buy,5405,811.8
GIN,Preferred,16,0.99,170,691,1436911042956,Buy,5814,760.1
WHN,Common,30,0.95,350,293,1436907909173,Sell,6426,322.3
NUP,Preferred,9,0.9,290,766,1436908409187,Sell,9358,842.6
GKN,Common,25,0.89,390,431,1436910371924,Sell,1219,474.1
DMJ,Preferred,31,0.05,270,412,1436908362696,Sell,8814,453.2
AUR,Preferred,22,0.56,150,397,1436913488633,Buy,1669,436.7
THN,Preferred,34,0.17,340,195,1436914377454,Buy,8565,214.5
ZXE,Preferred,35,0.1,40,62,1436910410946,Buy,1891,68.2
YYY,Preferred,26,0.97,30,399,1436912637257,Buy,535,438.9
PIN,Common,34,0.69,110,460,1436915846335,Buy,8848,506
PWW,Preferred,31,0.72,270,258,1436914594852,Sell,4251,283.8
VJQ,Preferred,49,0.75,240,200,1436909029297,Buy,5721,220
RIU,Common,3,0.92,310,823,1436916602148,Sell,7733,905.3
ZRV,Preferred,38,0.67,200,201,1436908415214,Sell,5722,221.1
AJV,Common,37,0.97,350,517,1436908142257,Sell,9076,568.7
GBB,Common,24,0.42,160,114,1436913904661,Buy,1655,125.4
YGQ,Preferred,32,0.76,340,318,1436912269575,Sell,5283,349.8
ROP,Preferred,21,0.11,260,114,1436911895460,Buy,7451,125.4
WDX,Common,9,0.57,240,947,1436907894403,Buy,4519,1041.7
EMU,Common,8,0.22,180,697,1436908912318,Buy,5740,766.7
ALB,Common,19,0.12,140,367,1436912152000,Buy,9550,403.7
STQ,Common,30,0.39,320,618,1436909912155,Buy,9838,679.8
AOL,Common,21,0.99,30,905,1436915039004,Sell,5527,995.5
GCB,Common,26,0.39,40,685,1436913485202,Sell,6662,753.5
RFK,Common,42,1,250,748,1436916538442,Buy,2602,822.8
FOF,Common,20,0.92,430,351,1436912130877,Sell,741,386.1
RXY,Common,22,0.86,90,214,1436915904916,Buy,1767,235.4
GLV,Common,9,0.67,410,858,1436914244298,Sell,3022,943.8
GPR,Preferred,44,0.51,360,256,1436914679306,Sell,9016,281.6
YPX,Preferred,15,0.96,260,960,1436917316075,Buy,6003,1056
WRW,Common,24,0.89,180,58,1436908161465,Sell,7848,63.8
ZOK,Common,10,0.71,420,166,1436911455297,Buy,6806,182.6
RQF,Preferred,50,0.79,220,51,1436915276881,Buy,5771,56.1
QBI,Common,34,0.48,360,646,1436910273777,Buy,6957,710.6
KWR,Common,41,0.9,470,812,1436912898953,Sell,5447,893.2
WLD,Common,29,0.75,370,649,1436914824310,Sell,521,713.9
XSA,Preferred,40,0.69,20,80,1436907885601,Sell,9554,88
UJX,Common,46,0.51,220,69,1436912140129,Buy,5849,75.9
SOT,Preferred,2,0.57,60,754,1436913794216,Sell,2860,829.4
WHJ,Common,29,0.97,30,633,1436914196784,Sell,6900,696.3
RGE,Common,26,0.24,320,480,1436915907276,Sell,5885,528
IHQ,Common,49,0.48,470,392,1436907756322,Sell,1350,431.2
TPR,Preferred,27,0.04,460,141,1436908031556,Sell,1593,155.1
WBU,Preferred,41,0.44,470,725,1436914832599,Sell,8710,797.5
IIR,Common,36,0.87,280,487,1436914193655,Sell,8880,535.7
UBT,Common,21,0.56,220,160,1436913407941,Sell,678,176
GUD,Preferred,38,0.52,70,880,1436912830450,Sell,4308,968
JSE,Common,1,0.82,410,827,1436910267457,Buy,8597,909.7
WTG,Preferred,42,0.38,130,651,1436911474342,Sell,9469,716.1
BPT,Preferred,41,0.07,470,66,1436909620440,Sell,8577,72.6
HMJ,Common,1,0.32,40,93,1436915598046,Buy,5927,102.3
FHR,Preferred,8,0.52,290,620,1436910156076,Buy,9002,682
EGV,Preferred,21,0.71,360,679,1436908655899,Buy,5113,746.9
WWR,Preferred,18,0.65,500,378,1436912250396,Sell,661,415.8
HEE,Preferred,38,0.68,80,960,1436911283246,Buy,6904,1056
BRL,Preferred,26,0.28,140,246,1436910424697,Buy,5512,270.6
UZR,Preferred,35,0.26,250,959,1436907715630,Sell,1334,1054.9
RBY,Common,39,1,440,708,1436913646780,Sell,2788,778.8
PSY,Preferred,13,0.74,20,429,1436911470250,Buy,6503,471.9
HEB,Common,42,0.25,400,802,1436916891607,Sell,5737,882.2
XJN,Common,28,0.69,330,391,1436912361503,Sell,5520,430.1
XMP,Common,37,0.29,360,99,1436916403413,Sell,1665,108.9
GOP,Preferred,47,0.17,70,875,1436908100447,Sell,9873,962.5
TIN,Common,0,0.29,250,73,1436912890592,Sell,8517,80.3
OVL,Common,24,0.32,210,501,1436911196247,Buy,8821,551.1
ERN,Common,27,0.6,220,892,1436911647107,Buy,8414,981.2
ZCO,Common,1,0.47,240,35,1436915033913,Sell,6382,38.5
WVQ,Common,17,0.69,210,217,1436909113067,Sell,766,238.7
WAT,Preferred,32,0.03,400,377,1436914394642,Sell,2655,414.7
WEG,Preferred,31,0.04,220,652,1436911233814,Sell,780,717.2
XQQ,Common,45,0.92,440,826,1436916107253,Buy,2610,908.6
IKK,Common,37,0.77,440,740,1436915686217,Sell,1172,814
YRL,Preferred,32,0.77,160,102,1436909313729,Sell,1406,112.2
WBL,Common,12,0.93,100,247,1436908469427,Buy,5510,271.7
VMF,Preferred,32,0.8,80,345,1436907771357,Sell,4738,379.5
EKV,Preferred,30,0.51,260,45,1436913550260,Buy,6992,49.5
DUB,Common,15,0.93,120,989,1436914246146,Buy,1901,1087.9
OFL,Preferred,10,0.65,440,128,1436915240923,Sell,9737,140.8
XBC,Common,10,0.78,360,205,1436910179287,Sell,2769,225.5
XZL,Common,0,0.58,200,252,1436914731161,Buy,2497,277.2
MTR,Common,46,0.7,240,732,1436909196343,Buy,9677,805.2
YAA,Common,19,0.65,190,906,1436915612132,Sell,7594,996.6
PUA,Preferred,13,0.53,370,475,1436917346782,Buy,5436,522.5
RUK,Preferred,1,0.04,370,851,1436909355677,Sell,2207,936.1
TQW,Common,7,0.41,410,969,1436915557189,Buy,2108,1065.9
LIT,Preferred,49,0.36,350,321,1436913159282,Sell,6210,353.1
YHA,Preferred,32,0.73,180,332,1436913303557,Sell,9345,365.2
MID,Common,49,0.77,30,922,1436915803067,Sell,614,1014.2
DCM,Preferred,11,0.38,230,338,1436912285242,Sell,6801,371.8
XWD,Common,4,0.37,90,698,1436916078559,Sell,2952,767.8
VLF,Preferred,30,0.29,370,998,1436910351521,Sell,8096,1097.8
XJG,Preferred,46,0.67,350,371,1436913306126,Sell,8206,408.1
RVF,Preferred,22,0.65,410,722,1436913522942,Sell,1991,794.2
FPL,Common,4,0.14,260,786,1436912329220,Sell,8754,864.6
UJF,Common,28,0.68,150,598,1436907764274,Buy,7109,657.8
PDW,Preferred,44,0.57,260,492,1436917416354,Sell,3609,541.2
NDE,Common,50,0.53,500,702,1436909573833,Sell,7325,772.2
WIF,Preferred,38,0.25,250,152,1436913975975,Buy,914,167.2
LER,Common,14,0.58,170,97,1436917473223,Buy,526,106.7
KFZ,Preferred,11,0.8,140,543,1436909251969,Buy,8431,597.3
YYZ,Common,34,0.89,450,870,1436916119936,Buy,1127,957
BMF,Common,37,0.25,130,55,1436916401555,Sell,5964,60.5
WYO,Preferred,34,0.21,270,994,1436909001873,Buy,1511,1093.4
NOS,Common,50,0.06,370,776,1436907949006,Buy,3616,853.6
IRM,Preferred,27,0.27,420,196,1436914853093,Sell,2239,215.6
QSF,Common,28,0.29,370,508,1436909492930,Sell,7819,558.8
HKX,Preferred,33,0.67,380,486,1436909223978,Sell,8265,534.6
TKV,Common,48,0.17,90,863,1436910902680,Sell,8147,949.3
HPE,Preferred,33,0.98,400,374,1436912066291,Buy,5091,411.4
VOQ,Common,12,0.8,250,905,1436914924024,Sell,3979,995.5
RNX,Preferred,24,0.48,130,479,1436909760336,Sell,6608,526.9
ROI,Preferred,35,0.15,190,829,1436907564034,Sell,5893,911.9
GQU,Preferred,35,0.69,60,849,1436917273887,Sell,1227,933.9
PUB,Common,4,0.26,200,615,1436915426335,Buy,329,676.5
YPH,Common,16,0.42,200,808,1436911836965,Buy,9205,888.8
INW,Common,9,1,320,926,1436913861287,Sell,7731,1018.6
AVY,Common,9,0.76,230,420,1436907723463,Sell,909,462
QFD,Preferred,30,0.5,240,256,1436909177937,Sell,1256,281.6
KAT,Preferred,11,0.26,120,169,1436917136318,Sell,4495,185.9
JJE,Common,50,0.12,180,645,1436908651836,Sell,5660,709.5
YMA,Common,13,0.77,350,128,1436916305006,Sell,1821,140.8
PFS,Preferred,22,0.11,320,85,1436912421047,Sell,6286,93.5
GGG,Common,25,0.27,290,234,1436909642444,Sell,356,257.4
AOC,Common,31,0.97,20,536,1436913781709,Sell,5620,589.6
ISF,Preferred,48,0.44,20,342,1436908777918,Buy,9360,376.2
NJQ,Common,28,0.39,110,333,1436911150559,Buy,4543,366.3
DZV,Common,45,0.1,220,155,1436915993604,Buy,8559,170.5
XAS,Common,14,0.75,370,786,1436911205476,Sell,241,864.6
CUB,Preferred,27,0.34,340,161,1436912603180,Buy,266,177.1
GPK,Common,49,0.58,120,831,1436908429161,Buy,7132,914.1
UTT,Common,18,0.3,110,624,1436910323881,Buy,2136,686.4
AZK,Preferred,3,0.58,360,665,1436908012578,Buy,5485,731.5
WNT,Preferred,39,0.28,440,881,1436915170677,Sell,6891,969.1
XKL,Common,2,0.05,60,296,1436914558078,Sell,6763,325.6
VEP,Preferred,17,0.89,370,50,1436908009866,Sell,9822,55
BHL,Preferred,10,0.58,110,1,1436909475307,Sell,4367,1.1
DKL,Preferred,19,0.71,250,910,1436911112759,Buy,7044,1001
LFJ,Preferred,42,0.42,320,991,1436910141855,Buy,7145,1090.1
XLD,Common,19,0.53,130,401,1436907862506,Sell,4345,441.1
KXX,Preferred,36,0.59,180,159,1436908793390,Buy,6734,174.9
EEU,Common,35,0.12,340,574,1436914217965,Sell,9123,631.4
OFM,Common,20,0.92,180,308,1436914534625,Sell,8344,338.8
HCS,Preferred,45,0.24,140,151,1436907622191,Sell,6602,166.1
BFR,Preferred,30,0.52,270,986,1436917419955,Buy,6113,1084.6
ZLS,Common,8,0.32,100,864,1436908664536,Buy,4538,950.4
NJP,Common,10,0.23,390,303,1436911882421,Sell,7124,333.3
HWT,Common,6,0.61,220,187,1436908805175,Buy,6261,205.7
YNP,Preferred,18,0.27,190,131,1436917154712,Buy,3229,144.1
EYA,Common,7,0.78,90,40,1436912061678,Buy,634,44
KGC,Preferred,49,0.91,420,796,1436913274309,Buy,199,875.6
BDH,Preferred,28,0.86,150,787,1436912903938,Sell,9090,865.7
SUG,Common,11,0.01,60,203,1436913533909,Sell,6536,223.3
FDS,Preferred,21,0.22,410,6,1436911964378,Sell,5339,6.6
UOY,Preferred,29,0.27,320,346,1436915907558,Buy,4647,380.6
MPE,Preferred,30,0.96,130,793,1436907643968,Buy,7088,872.3
IZV,Preferred,5,0.38,230,602,1436911770777,Buy,1021,662.2
BWC,Common,2,0.91,180,976,1436917310827,Buy,576,1073.6
QUQ,Common,12,0.05,390,7,1436912547496,Buy,9145,7.7
JEH,Common,30,0.18,40,382,1436914848909,Sell,3515,420.2
QCY,Preferred,49,0.14,410,389,1436917136261,Buy,1177,427.9
TVS,Preferred,27,0.13,180,339,1436915967867,Sell,9733,372.9
SPF,Preferred,49,0.69,230,817,1436913268678,Buy,5963,898.7
HUD,Preferred,15,0.32,20,564,1436914577236,Buy,8676,620.4
ZYZ,Preferred,43,0.72,270,176,1436907584928,Sell,3654,193.6
CRH,Preferred,17,0.65,380,268,1436910942078,Sell,9040,294.8
YOZ,Preferred,8,0.18,320,281,1436914631925,Sell,5696,309.1
TJA,Common,36,0.02,130,685,1436917035641,Buy,6185,753.5
MGS,Common,0,0.71,140,60,1436916446996,Buy,9042,66
NQH,Common,14,0.45,300,359,1436916277384,Sell,6509,394.9
NLP,Preferred,27,0.76,60,905,1436908686590,Buy,673,995.5
UTM,Preferred,29,0.12,470,345,1436915249353,Buy,355,379.5
TZH,Preferred,38,0.82,20,186,1436908932750,Buy,2025,204.6
SDM,Common,3,0.16,500,577,1436907629385,Sell,2803,634.7
BMZ,Preferred,38,0.25,380,742,1436908271466,Buy,9843,816.2
QEQ,Common,50,0.56,240,113,1436915143926,Buy,698,124.3
OFV,Preferred,12,0.51,340,351,1436914074309,Buy,2611,386.1
ZGZ,Preferred,29,0.4,80,804,1436913451312,Buy,4419,884.4
HJD,Preferred,24,0.79,130,120,1436908273815,Sell,5289,132
TSS,Common,35,0.41,440,507,1436914238906,Buy,8989,557.7
IIE,Preferred,34,0.13,470,246,1436917461670,Buy,7388,270.6
WME,Preferred,4,0.96,390,403,1436911884453,Buy,1746,443.3
XYH,Common,30,0.24,250,52,1436912817832,Buy,8229,57.2
RSG,Common,37,0.61,270,113,1436909197567,Buy,4235,124.3
IEU,Common,13,0.55,360,452,1436916863750,Buy,5747,497.2
PAS,Common,31,0.94,160,189,1436915048784,Buy,7636,207.9
LTL,Preferred,37,0.22,440,219,1436908933407,Sell,7361,240.9
DWG,Common,18,0.14,150,799,1436911443136,Sell,2830,878.9
CCG,Common,29,0.81,230,95,1436907590640,Sell,1182,104.5
DSC,Common,26,0.74,170,774,1436910070278,Buy,8147,851.4
OCO,Common,42,0.87,380,557,1436909632404,Sell,8326,612.7
JOF,Preferred,37,0.34,240,208,1436916057292,Sell,1446,228.8
ZBN,Common,10,0.05,260,867,1436915740668,Buy,8038,953.7
HOI,Common,27,0.94,500,844,1436908312433,Buy,7278,928.4
FFR,Common,29,0.86,230,824,1436908914155,Sell,6456,906.4
UQA,Preferred,21,0.08,500,461,1436908234814,Buy,2640,507.1
NVH,Preferred,17,0.43,160,795,1436916462830,Sell,9784,874.5
XDB,Preferred,15,0.58,410,258,1436915740587,Sell,9648,283.8
JQN,Common,49,0.14,450,896,1436909858441,Buy,2867,985.6
IJM,Common,17,0.91,350,394,1436916121907,Buy,2491,433.4
LPZ,Preferred,16,0.14,470,944,1436908311963,Buy,9363,1038.4
UVM,Common,37,0.05,220,942,1436916117061,Buy,7076,1036.2
YHV,Common,18,0.08,230,810,1436915737485,Buy,3373,891
HCU,Preferred,20,0.5,140,751,1436912535787,Buy,2016,826.1
ZEB,Preferred,47,0.87,420,525,1436911928920,Buy,1689,577.5
RXR,Preferred,9,0.4,450,652,1436910611016,Sell,1586,717.2
DMC,Preferred,44,0.47,190,404,1436910294891,Sell,994,444.4
GYZ,Common,35,0.25,70,733,1436912054910,Buy,554,806.3
XSQ,Preferred,28,0.38,90,877,1436914916485,Sell,6243,964.7
YFR,Common,2,0.65,190,286,1436908154698,Sell,7074,314.6
FRC,Preferred,30,0.81,490,35,1436916972975,Buy,2448,38.5
OBQ,Preferred,34,0.77,350,301,1436907651729,Buy,4173,331.1
KZS,Preferred,30,0.01,390,173,1436911366174,Buy,5271,190.3
OHQ,Common,18,0.37,180,945,1436917274459,Buy,1727,1039.5
AFW,Common,12,0.26,70,844,1436914041404,Buy,1372,928.4
AIW,Preferred,44,0.39,300,386,1436916583586,Buy,1575,424.6
GQZ,Preferred,25,0.09,380,257,1436913958493,Sell,348,282.7
PSV,Preferred,16,0.82,310,924,1436916482133,Sell,5170,1016.4
PTJ,Common,46,0.08,360,18,1436912424086,Sell,8469,19.8
URQ,Preferred,9,0.92,500,898,1436911413438,Sell,5990,987.8
KWA,Common,33,0.72,190,726,1436911668986,Sell,9000,798.6
GQQ,Preferred,37,0.56,360,738,1436907961115,Sell,1813,811.8
QUF,Common,22,0.12,160,258,1436916177952,Sell,4821,283.8
LJJ,Preferred,17,0.32,30,459,1436912661940,Sell,815,504.9
PVO,Common,7,0.89,290,798,1436909399336,Sell,9519,877.8
HWV,Common,14,0.93,360,260,1436915737754,Sell,5487,286
EDQ,Common,20,0.18,350,462,1436911172664,Sell,9198,508.2
OFJ,Preferred,31,0.11,400,847,1436917205411,Sell,4790,931.7
MHH,Preferred,48,0.23,90,489,1436913603714,Buy,2298,537.9
LMO,Common,14,0.41,30,842,1436908048736,Sell,1648,926.2
QBF,Preferred,36,0.94,110,534,1436908917518,Buy,1889,587.4
FGH,Common,12,0.02,470,475,1436911164672,Sell,8313,522.5
WGB,Preferred,17,0.22,210,626,1436914254954,Sell,4360,688.6
YSN,Preferred,18,0.02,140,893,1436913360050,Sell,4793,982.3
RWN,Preferred,24,0.05,390,694,1436914403104,Sell,6288,763.4
WXQ,Common,18,0.2,410,982,1436917359652,Sell,3096,1080.2
KSM,Common,1,0.59,470,847,1436908290452,Sell,1629,931.7
FAM,Preferred,41,0.07,260,381,1436910973796,Sell,6417,419.1
KAH,Common,3,0.53,420,711,1436911392100,Buy,3315,782.1
NRJ,Common,18,0.36,80,954,1436908162378,Sell,4833,1049.4
ONA,Common,37,0.34,330,888,1436917476160,Buy,9472,976.8
SMT,Preferred,49,0.14,60,232,1436917167394,Buy,7433,255.2
JUR,Preferred,33,0.05,30,182,1436916180478,Buy,3154,200.2
TAZ,Preferred,41,0.62,390,401,1436912615346,Buy,9040,441.1
TSF,Common,20,0.2,170,696,1436914199611,Sell,34,765.6
GIW,Common,38,0.32,300,39,1436912811614,Buy,2610,42.9
ONV,Common,18,0.81,440,684,1436915155689,Sell,2503,752.4
STI,Preferred,16,0.69,120,146,1436912163106,Sell,6847,160.6
HDI,Common,27,0.96,140,816,1436909361339,Sell,1295,897.6
YKY,Common,44,0.35,170,159,1436917317127,Buy,278,174.9
GOW,Common,30,0.6,360,132,1436916018323,Sell,5581,145.2
ZAM,Preferred,44,0.64,170,839,1436916091179,Sell,7850,922.9
SNF,Preferred,28,0.66,140,592,1436915000327,Buy,4131,651.2
IFX,Preferred,5,0.99,140,753,1436907594607,Sell,2727,828.3
XJJ,Common,2,0.31,260,749,1436910798982,Sell,7038,823.9
QEE,Common,29,0.24,420,889,1436913757519,Buy,466,977.9
GAD,Preferred,23,0.44,410,415,1436916627296,Buy,4793,456.5
FGZ,Preferred,14,0.95,480,364,1436915411976,Buy,8004,400.4
JVA,Preferred,49,0.36,410,956,1436913453302,Buy,8324,1051.6
PFD,Preferred,41,0.96,70,234,1436912786020,Buy,7475,257.4
IHN,Preferred,0,0.32,170,134,1436912789040,Buy,2842,147.4
HKA,Preferred,14,0.19,450,458,1436916718984,Buy,2769,503.8
NGX,Common,49,0.51,380,145,1436909472655,Sell,3829,159.5
UHE,Common,17,0.55,440,752,1436912390587,Sell,7436,827.2
ETL,Preferred,36,0.92,180,242,1436913329102,Buy,2692,266.2
IFR,Common,9,0.48,150,811,1436911634327,Buy,8921,892.1
ZBS,Preferred,15,0.46,110,438,1436917183968,Sell,2573,481.8
AXT,Preferred,13,0.64,230,95,1436917083677,Sell,1611,104.5
SDG,Common,41,0.3,220,20,1436907721529,Sell,3642,22
NSS,Common,28,0.66,240,521,1436916963716,Buy,9547,573.1
MQF,Preferred,28,0.25,80,651,1436911759201,Buy,889,716.1
UYN,Preferred,24,0.28,380,8,1436907516523,Buy,8236,8.8
INT,Preferred,33,0.71,290,931,1436916156275,Buy,1648,1024.1
EGW,Common,9,0.62,300,730,1436909388731,Sell,7445,803
RMN,Preferred,3,0.44,430,631,1436911531416,Sell,3661,694.1
IAM,Preferred,50,0.93,270,417,1436915312306,Sell,6389,458.7
YVO,Preferred,15,0.12,400,830,1436916797117,Sell,3801,913
TJJ,Common,20,0.65,410,56,1436910772169,Sell,3481,61.6
SHY,Common,35,0.95,20,378,1436916584319,Sell,2496,415.8
GEP,Preferred,40,0.98,440,83,1436908358243,Buy,4341,91.3
VHB,Common,16,0.93,430,663,1436913390329,Sell,9361,729.3
CNF,Common,6,0.88,80,587,1436914831200,Sell,5559,645.7
GGH,Preferred,25,0.22,220,890,1436908602247,Sell,2294,979
FFE,Preferred,12,0.67,160,745,1436915023621,Buy,2350,819.5
UVV,Preferred,26,1,140,903,1436916341102,Buy,2594,993.3
MJK,Preferred,21,0.87,350,450,1436914642296,Sell,6527,495
MUO,Common,35,0.67,140,839,1436912686835,Buy,6377,922.9
HDN,Common,4,0.07,410,213,1436910902239,Buy,1875,234.3
ALA,Preferred,11,0.06,450,226,1436915055365,Sell,9004,248.6
LGE,Common,29,0.55,310,61,1436908945157,Sell,6767,67.1
RYG,Preferred,19,0.62,430,406,1436915920646,Buy,3384,446.6
HXM,Common,47,0.51,300,169,1436915379799,Sell,3407,185.9
ALR,Preferred,3,0.76,460,792,1436908662852,Sell,5085,871.2
FXY,Preferred,16,0.89,370,69,1436910409132,Sell,2345,75.9
ZAV,Common,42,0.37,80,134,1436912616029,Sell,4224,147.4
FDL,Common,10,1,80,946,1436911818538,Buy,301,1040.6
GRV,Common,7,0.82,240,272,1436916747385,Buy,7443,299.2
EGL,Common,31,0.72,110,506,1436911969107,Buy,9668,556.6
VVY,Common,49,0.02,100,896,1436911207140,Sell,36,985.6
BFP,Common,18,0.91,350,456,1436913298734,Buy,9896,501.6
XAT,Common,4,0.73,120,968,1436910225967,Sell,175,1064.8
GIA,Common,39,0.22,50,519,1436911857108,Sell,7457,570.9
OHC,Preferred,20,0.64,160,506,1436910957875,Buy,8356,556.6
BBC,Common,6,0.28,500,486,1436907778884,Buy,2498,534.6
PUF,Common,36,0.06,100,962,1436911273248,Buy,3081,1058.2
IGG,Preferred,14,0.74,20,450,1436913687238,Sell,4024,495
INI,Preferred,11,0.26,150,713,1436908502576,Buy,4521,784.3
PTL,Preferred,18,0.77,210,864,1436915207937,Buy,9783,950.4
YWZ,Preferred,12,0.22,260,744,1436908995334,Sell,6057,818.4
ZLL,Preferred,40,0.23,380,194,1436916378142,Sell,3537,213.4
YGB,Preferred,32,0.52,200,465,1436908937161,Sell,7278,511.5
IKQ,Preferred,43,0.14,300,826,1436913614310,Sell,686,908.6
TDH,Common,31,0.71,30,839,1436914993436,Sell,990,922.9
ZWX,Preferred,27,0.93,60,168,1436912710225,Sell,274,184.8
CEC,Preferred,23,0.03,340,636,1436917118343,Buy,5739,699.6
RAT,Common,26,0.3,490,231,1436908823014,Buy,8767,254.1
ICJ,Preferred,41,0.39,280,869,1436911233409,Sell,9363,955.9
EBR,Common,40,0.27,120,502,1436912179771,Sell,8803,552.2
UHM,Preferred,24,0.26,190,456,1436915567833,Buy,5627,501.6
JCY,Common,39,0.98,290,658,1436908120916,Sell,7852,723.8
UNV,Common,24,0.84,500,574,1436914709966,Buy,7055,631.4
IGL,Common,36,0.68,130,902,1436907624294,Buy,7564,992.2
KYF,Preferred,41,0.9,400,994,1436915646095,Buy,984,1093.4
HVS,Common,49,0.74,410,337,1436908049137,Sell,2982,370.7
LBR,Common,15,0.15,460,963,1436915677640,Sell,9366,1059.3
SPN,Preferred,2,0.97,200,992,1436916406125,Sell,4109,1091.2
UGF,Common,44,0.44,110,999,1436909685086,Sell,7773,1098.9
TDA,Common,48,0.62,140,12,1436909680498,Buy,1660,13.2
FAE,Common,12,0.17,140,906,1436907639364,Buy,195,996.6
EMW,Common,3,0.91,40,805,1436910023351,Sell,139,885.5
BXO,Common,4,0.87,80,164,1436908713652,Buy,8072,180.4
KWF,Preferred,32,0.9,450,180,1436917455099,Buy,3123,198
BXO,Preferred,27,0.11,200,600,1436908749311,Buy,2075,660
GAO,Preferred,31,0.2,370,689,1436915078998,Buy,2682,757.9
YNS,Common,42,0.59,110,57,1436912306785,Buy,9749,62.7
FWO,Common,46,0.87,340,9,1436913312504,Sell,2243,9.9
MIA,Common,36,0.94,410,787,1436909957837,Buy,7868,865.7
CDO,Preferred,27,0.76,480,257,1436916625223,Buy,2798,282.7
QZH,Preferred,45,0.95,230,863,1436916469079,Buy,891,949.3
HLU,Preferred,22,0.88,400,183,1436907649423,Buy,1567,201.3
NAV,Common,44,0.34,40,492,1436917075977,Sell,5027,541.2
FLT,Preferred,31,0.64,130,303,1436915144515,Sell,6381,333.3
MPM,Preferred,4,0.34,230,95,1436908485644,Buy,2186,104.5
XGF,Preferred,36,0.54,60,827,1436910937299,Sell,5383,909.7
FOS,Preferred,29,0.28,370,324,1436914846719,Buy,6712,356.4
WJU,Common,37,0.85,60,826,1436910245364,Sell,2228,908.6
BKJ,Preferred,28,0.51,170,244,1436912295246,Buy,5647,268.4
QNM,Common,32,0.01,300,948,1436908420733,Sell,9379,1042.8
ISA,Preferred,2,0.55,230,938,1436908690782,Buy,5112,1031.8
UAA,Preferred,31,0.39,460,681,1436916443802,Sell,6873,749.1
OFS,Common,12,0.29,200,845,1436909613881,Sell,8866,929.5
ZET,Common,47,0.7,320,571,1436912347905,Buy,9286,628.1
LUG,Preferred,35,0.9,250,257,1436912989875,Sell,7409,282.7
DEQ,Preferred,32,0.82,110,282,1436911566513,Sell,9011,310.2
UTR,Preferred,18,0.14,340,764,1436907971118,Buy,4149,840.4
EXF,Common,13,0.2,370,576,1436914059361,Sell,5830,633.6
XVN,Preferred,48,0.33,300,935,1436913140235,Buy,4866,1028.5
AAJ,Preferred,40,0.78,240,200,1436910456367,Buy,5201,220
XBS,Preferred,39,0.93,370,147,1436908074716,Sell,4697,161.7
UTH,Preferred,32,0.24,290,283,1436910330706,Sell,7264,311.3
MFL,Common,38,0.82,100,878,1436915511301,Buy,7216,965.8
CVA,Preferred,0,0.25,350,848,1436910607360,Sell,8972,932.8
ARQ,Common,3,0.47,200,792,1436908536454,Buy,8495,871.2
UXB,Common,40,0.92,350,484,1436913818136,Buy,1594,532.4
DWH,Common,31,0.22,420,528,1436911708246,Buy,5474,580.8
THX,Common,21,0.26,320,203,1436912952701,Buy,6533,223.3
HTU,Preferred,46,0.69,190,46,1436908157284,Buy,184,50.6
GNL,Common,17,0.68,160,759,1436916358693,Buy,8087,834.9
WDL,Preferred,22,0.21,450,987,1436908066938,Buy,5534,1085.7
EOI,Preferred,14,0.95,140,864,1436912213944,Sell,5459,950.4
JZP,Common,5,0.07,170,668,1436917147652,Sell,5428,734.8
AZU,Preferred,15,0.68,460,492,1436908227584,Sell,3100,541.2
WJO,Preferred,31,0.97,390,456,1436914548060,Sell,4699,501.6
AIA,Preferred,36,0.67,420,768,1436908224258,Buy,2267,844.8
AIC,Preferred,11,0.86,20,993,1436916031221,Sell,8307,1092.3
CHA,Preferred,10,0.07,370,141,1436909248671,Buy,6268,155.1
RTT,Preferred,3,0.87,300,673,1436914666103,Sell,8057,740.3
VBD,Preferred,24,0.9,440,818,1436916426924,Buy,5208,899.8
ZUZ,Preferred,24,0.72,480,756,1436907589715,Buy,2107,831.6
GAO,Common,14,0.78,380,776,1436910987401,Buy,9490,853.6
PNG,Common,27,0.75,120,29,1436914214215,Sell,3453,31.9
NUK,Common,13,0.3,50,166,1436912344840,Buy,9613,182.6
WRK,Common,30,0.37,40,102,1436910335487,Sell,2037,112.2
BMF,Preferred,26,0.27,290,995,1436916591737,Sell,4932,1094.5
RLM,Common,41,0.19,290,982,1436910105365,Buy,7766,1080.2
SLO,Preferred,8,0.33,490,96,1436914908963,Buy,9191,105.6
LUJ,Preferred,8,0.99,230,632,1436911898688,Buy,1120,695.2
NDZ,Common,24,0.2,200,582,1436911436105,Sell,6154,640.2
WUE,Preferred,1,0.12,290,663,1436910092851,Buy,87,729.3
UDO,Preferred,50,0.38,90,188,1436909457331,Sell,9266,206.8
LWZ,Common,2,0.64,90,639,1436911680419,Buy,6546,702.9
WXT,Preferred,32,0.26,450,237,1436910275692,Sell,5329,260.7
AHM,Common,42,0.72,40,153,1436909179951,Sell,8841,168.3
XON,Preferred,21,0.51,170,701,1436911755411,Sell,1447,771.1
HFC,Common,18,0.85,70,919,1436908992322,Buy,796,1010.9
VJO,Common,10,0.06,150,1000,1436915756959,Sell,485,1100
MWT,Preferred,12,0.7,420,656,1436916483091,Buy,3828,721.6
PKM,Common,12,0.33,380,671,1436913818094,Sell,1617,738.1
TEA,Preferred,19,0.24,300,552,1436916124742,Buy,5483,607.2
RBF,Preferred,3,0.02,290,389,1436911968508,Sell,9115,427.9
AAX,Preferred,39,0.3,300,645,1436914635705,Buy,1840,709.5
DEB,Common,47,0.9,20,408,1436914684210,Buy,4647,448.8
ISN,Preferred,46,0.52,80,551,1436909575865,Buy,7741,606.1
QNY,Common,8,0.17,490,200,1436917191177,Sell,7192,220
XNP,Common,6,0.2,140,598,1436908280198,Sell,1820,657.8
IPK,Preferred,38,0.58,140,865,1436915217649,Sell,3996,951.5
VZM,Common,43,0.32,160,356,1436910044541,Sell,8385,391.6
TAD,Preferred,16,0.22,420,989,1436914272431,Buy,2173,1087.9
KAG,Common,47,0.25,280,520,1436914140361,Sell,5822,572
RLA,Preferred,23,0.94,420,671,1436909040701,Buy,5655,738.1
WTP,Common,10,0.88,310,897,1436913891059,Sell,2347,986.7
WXN,Preferred,13,0.72,420,426,1436914451218,Buy,2317,468.6
QSG,Common,26,0.08,120,172,1436907973573,Buy,5179,189.2
DXZ,Common,23,0.99,380,239,1436908570073,Buy,6141,262.9
IDE,Preferred,41,0.42,460,673,1436916667038,Sell,8671,740.3
UFA,Preferred,41,0.87,280,745,1436916204439,Buy,9322,819.5
PWW,Common,17,0.97,370,675,1436912073153,Buy,9650,742.5
SSL,Preferred,14,0.4,380,74,1436915165453,Buy,6836,81.4
ASG,Preferred,21,0.93,290,134,1436915318091,Sell,3629,147.4
MES,Common,50,0.88,400,696,1436915399213,Buy,7523,765.6
LZB,Preferred,28,0.56,410,354,1436910247215,Sell,5698,389.4
FHF,Common,13,0.91,200,691,1436910466290,Buy,7598,760.1
TQK,Common,2,0.97,460,553,1436914554652,Sell,1859,608.3
HGD,Preferred,41,0.59,250,764,1436914467563,Sell,5376,840.4
KIX,Common,30,0.93,250,269,1436910545539,Sell,6341,295.9
MOH,Common,22,0.4,320,841,1436912274757,Sell,7773,925.1
HGZ,Preferred,1,0.74,170,811,1436910650054,Buy,7628,892.1
QFV,Common,34,0.76,500,269,1436916608167,Sell,350,295.9
OWS,Common,17,0.22,50,413,1436910336125,Sell,2013,454.3
QLZ,Common,19,0.29,150,420,1436916712971,Buy,9524,462
VVG,Preferred,38,0.91,450,973,1436912089050,Sell,2858,1070.3
VLR,Preferred,29,0.6,410,169,1436912471273,Sell,8443,185.9
YHN,Common,17,0.11,260,73,1436916532139,Buy,4425,80.3
URW,Preferred,8,0.56,70,531,1436915346812,Sell,4692,584.1
SQB,Preferred,46,0.63,140,705,1436909697010,Buy,7310,775.5
POR,Preferred,8,0.01,330,946,1436909362498,Buy,4457,1040.6
TZH,Common,36,0.47,20,663,1436908209969,Buy,8239,729.3
CTP,Common,30,0.96,430,911,1436911845982,Buy,2763,1002.1
EPH,Preferred,32,0.38,40,166,1436913966759,Sell,7976,182.6
EIR,Common,12,0.75,210,378,1436916766132,Buy,512,415.8
YKX,Common,18,0.03,220,688,1436910780312,Sell,6148,756.8
ALJ,Common,30,0.46,40,629,1436916220364,Buy,7267,691.9
GVT,Preferred,17,0.7,500,131,1436915327550,Sell,6772,144.1
TZR,Common,7,0.49,140,467,1436909907880,Buy,2267,513.7
ZHD,Common,19,0.98,40,468,1436914910874,Sell,6503,514.8
QZU,Common,46,0.99,480,69,1436917063249,Sell,5783,75.9
MMW,Preferred,11,0.46,420,170,1436909767608,Buy,1151,187
REA,Preferred,9,0.41,440,452,1436912157657,Sell,3475,497.2
SGE,Preferred,32,0.99,250,971,1436907780880,Buy,7791,1068.1
JQO,Preferred,22,0.6,160,658,1436913122022,Sell,4666,723.8
UOT,Preferred,48,0.83,130,672,1436912677875,Sell,5628,739.2
PHF,Common,13,0.97,500,787,1436912526608,Buy,3806,865.7
TBV,Preferred,4,0.53,490,215,1436915995047,Sell,4959,236.5
NLH,Common,25,0.56,40,365,1436915094426,Buy,4465,401.5
MEQ,Preferred,7,0.63,320,445,1436913912725,Buy,2261,489.5
PXT,Preferred,26,0.53,40,116,1436914267275,Sell,4513,127.6
VLJ,Preferred,18,0.07,300,864,1436909745164,Sell,5197,950.4
TYX,Common,46,0.57,410,318,1436913837920,Sell,4944,349.8
TGW,Preferred,44,0.72,480,384,1436916233351,Sell,3353,422.4
IHM,Preferred,47,0.79,380,275,1436916554296,Sell,3415,302.5
ZIG,Common,14,0.98,170,389,1436909379087,Sell,2583,427.9
GRP,Common,36,0.29,440,28,1436915210833,Sell,4094,30.8
BMC,Common,13,0.27,110,244,1436909351911,Buy,5721,268.4
OKG,Preferred,21,0.83,250,281,1436912603811,Sell,3936,309.1
QJK,Common,15,0.43,360,647,1436911392847,Buy,3716,711.7
QPO,Common,19,0.6,460,867,1436909432912,Buy,3438,953.7
MRO,Common,39,0.83,230,757,1436917024030,Sell,8422,832.7
SBW,Preferred,36,0.41,380,437,1436913861754,Sell,2815,480.7
HJV,Common,6,0.69,110,130,1436909843937,Buy,2740,143
SWS,Common,15,0.99,190,391,1436914923492,Sell,9393,430.1
ICV,Common,40,0.43,280,791,1436907636264,Sell,8076,870.1
LVD,Common,24,0.96,70,502,1436912606752,Buy,5756,552.2
SPL,Common,47,0.22,150,159,1436912035116,Buy,1707,174.9
FPP,Preferred,4,0.36,270,645,1436916038888,Sell,4328,709.5
ZHC,Common,32,0.15,320,327,1436912046123,Sell,3567,359.7
SWB,Preferred,4,0.44,300,732,1436914865580,Buy,1584,805.2
HLX,Common,21,0.56,500,489,1436910403841,Sell,3952,537.9
YUK,Preferred,28,0.05,80,831,1436916762800,Sell,5312,914.1
WDE,Common,15,0.7,120,490,1436915211082,Buy,2243,539
TUQ,Preferred,18,0.22,40,632,1436911200086,Buy,3172,695.2
CGW,Preferred,8,0.17,480,711,1436912441060,Sell,3035,782.1
KGX,Preferred,38,0.8,470,878,1436910870110,Sell,3307,965.8
PNO,Preferred,20,0.15,110,210,1436908238857,Sell,5999,231
GZP,Preferred,33,0.4,300,42,1436913097908,Sell,7698,46.2
QQH,Common,21,0.6,500,8,1436912314677,Buy,2319,8.8
BHN,Common,45,0.84,330,810,1436914485375,Buy,2543,891
JIE,Preferred,31,0.18,300,13,1436913710748,Sell,7063,14.3
KGS,Common,35,0.55,480,15,1436916466673,Buy,9051,16.5
RBJ,Common,5,0.54,350,407,1436908720345,Buy,6126,447.7
LGP,Common,48,0.05,460,622,1436911755463,Buy,6484,684.2
OYE,Common,31,0.27,320,171,1436911206525,Buy,9321,188.1
YBQ,Preferred,19,0.46,400,812,1436909454386,Sell,4008,893.2
HKB,Common,46,0.01,240,461,1436907579014,Buy,1066,507.1
YDN,Common,48,0.78,290,175,1436912594829,Buy,9926,192.5
KKI,Common,2,0.88,60,343,1436912178276,Buy,6651,377.3
DDB,Preferred,5,0.6,60,796,1436913066525,Buy,5604,875.6
PDF,Common,3,0.29,470,124,1436910449663,Buy,2763,136.4
ZSS,Common,49,0.02,480,922,1436909301811,Sell,9710,1014.2
VXE,Common,48,0.74,200,463,1436917177671,Sell,7462,509.3
GBK,Common,29,0.34,310,251,1436914651635,Buy,1561,276.1
MXQ,Preferred,46,0.83,120,33,1436913967824,Sell,3165,36.3
UJT,Preferred,21,0.62,50,325,1436908103089,Sell,8099,357.5
NGL,Preferred,30,0.53,160,479,1436912580899,Buy,9650,526.9
JEZ,Preferred,33,0.13,270,872,1436911862552,Sell,8492,959.2
JKU,Preferred,18,0.73,400,358,1436911716359,Sell,8415,393.8
CGV,Preferred,6,0.61,240,806,1436913697421,Buy,3073,886.6
XPX,Common,5,0.36,420,706,1436911692469,Buy,5381,776.6
CHU,Common,13,0.99,260,906,1436915052610,Sell,8807,996.6
KRM,Common,7,0.55,100,213,1436912296386,Buy,1431,234.3
CVW,Preferred,48,0.08,470,864,1436910733892,Buy,4415,950.4
DFX,Preferred,32,0.51,50,213,1436910700898,Buy,691,234.3
GEW,Common,8,0.29,470,448,1436909140095,Sell,1379,492.8
RLG,Preferred,18,0.94,480,570,1436915172833,Buy,2319,627
TDG,Preferred,7,0.74,400,574,1436911642028,Buy,4551,631.4
YSK,Preferred,45,0.32,190,996,1436914240498,Buy,3305,1095.6
YFK,Preferred,5,1,70,948,1436911846298,Buy,2975,1042.8
ZGK,Common,5,0.22,240,815,1436912716102,Buy,109,896.5
OOD,Preferred,31,0.42,380,207,1436916848489,Buy,8940,227.7
UPJ,Common,30,0.61,120,613,1436917445586,Sell,5900,674.3
ETF,Common,25,0.5,220,923,1436911169400,Sell,7469,1015.3
FIR,Common,23,0.1,410,641,1436909009968,Buy,7910,705.1
CJZ,Preferred,22,0.42,270,39,1436908683599,Buy,3786,42.9
DBF,Preferred,35,0.32,60,615,1436909652283,Buy,3833,676.5
AEA,Preferred,39,0.81,500,876,1436916739206,Sell,7162,963.6
CEU,Preferred,1,0.75,500,704,1436907743004,Buy,7162,774.4
QJO,Common,2,0.59,460,184,1436912088154,Buy,9246,202.4
HCD,Preferred,1,0.77,270,711,1436909754690,Buy,4562,782.1
YRC,Common,11,0.61,130,268,1436917452836,Buy,9672,294.8
FNL,Preferred,19,0.56,90,634,1436912802623,Sell,339,697.4
FQD,Common,14,0.5,350,315,1436915811957,Sell,2780,346.5
XKK,Common,14,0.92,370,662,1436912244868,Buy,5114,728.2
IOF,Preferred,5,0.3,320,847,1436916169827,Sell,9141,931.7
PIO,Preferred,28,0.76,440,193,1436916786892,Buy,4608,212.3
IUM,Preferred,29,1,130,760,1436913140451,Sell,3130,836
JCY,Preferred,11,0.39,480,666,1436911902483,Buy,8158,732.6
BYM,Common,19,0.98,410,239,1436907526931,Buy,5062,262.9
VUL,Preferred,36,0.11,180,173,1436908178475,Buy,2280,190.3
QEV,Preferred,1,0.08,390,857,1436915037685,Sell,578,942.7
MWH,Preferred,9,0.61,20,904,1436911422676,Sell,3518,994.4
MDM,Preferred,31,0.66,360,435,1436908980909,Buy,7616,478.5
OUL,Preferred,13,0.74,410,383,1436911325189,Buy,2262,421.3
VUS,Common,30,0.11,150,148,1436917308590,Sell,5107,162.8
AXY,Preferred,10,0.31,210,28,1436916404831,Buy,9407,30.8
ESB,Common,47,0.17,80,832,1436908233017,Buy,1837,915.2
SZL,Preferred,12,0.6,400,43,1436914458629,Sell,6272,47.3
GUR,Common,1,0.2,470,625,1436910240233,Sell,6750,687.5
KOD,Common,13,0.23,390,898,1436913641397,Sell,1272,987.8
RBD,Common,0,0.54,140,945,1436915367461,Buy,1176,1039.5
OAO,Preferred,46,0.04,240,934,1436916728174,Sell,2984,1027.4
BSV,Common,3,0.02,190,547,1436911906720,Buy,4986,601.7
PMD,Preferred,38,0.27,360,592,1436916235422,Buy,8077,651.2
HPH,Common,11,0.38,280,864,1436912277243,Buy,4363,950.4
VCR,Common,13,0.12,200,2,1436909010074,Sell,3386,2.2
QPD,Preferred,11,0.8,260,605,1436916533124,Buy,8038,665.5
DXL,Common,23,0.61,480,411,1436916637582,Buy,4965,452.1
AYE,Common,45,0.14,60,257,1436916084129,Buy,3220,282.7
QPP,Common,10,0.51,120,343,1436909079432,Buy,6106,377.3
IZV,Common,49,0.2,380,402,1436913903048,Sell,7552,442.2
BJJ,Preferred,40,0.48,370,562,1436916731491,Buy,3030,618.2
LPD,Common,5,0.32,320,997,1436910387572,Sell,5542,1096.7
ZNX,Common,7,0.64,100,623,1436910184590,Buy,1748,685.3
RKY,Common,34,0.04,180,944,1436916710235,Buy,2973,1038.4
ZDT,Common,5,0.64,160,62,1436916968033,Sell,4782,68.2
PUM,Common,46,0.98,460,914,1436911427284,Buy,1044,1005.4
OER,Preferred,48,0.8,260,955,1436911307979,Sell,2805,1050.5
TMA,Common,26,0.31,350,555,1436909613557,Sell,6415,610.5
IXU,Common,35,0.03,40,225,1436911181523,Sell,2261,247.5
UDJ,Preferred,15,0.53,30,310,1436917312003,Sell,5054,341
ZNK,Common,28,0.84,50,131,1436914209816,Sell,2661,144.1
BJK,Preferred,14,0.69,190,858,1436912636423,Buy,2931,943.8
XIO,Common,35,0.02,70,736,1436909755619,Sell,9036,809.6
WAH,Common,34,0.47,90,272,1436909664508,Sell,2772,299.2
GTD,Preferred,13,0.38,330,170,1436913537898,Buy,9721,187
FDG,Common,48,0.5,30,600,1436913743726,Buy,5873,660
XHY,Preferred,33,0.26,260,593,1436916027937,Buy,2236,652.3
ALV,Common,28,0.14,50,401,1436909975000,Sell,9782,441.1
WQE,Common,31,0.18,180,48,1436917263769,Sell,3232,52.8
JAC,Common,22,0.96,90,440,1436914969827,Sell,8477,484
QLH,Common,39,0.04,30,788,1436911587775,Buy,3541,866.8
DGI,Preferred,20,0.05,30,45,1436913371484,Buy,2468,49.5
DCQ,Preferred,29,0.29,160,515,1436913917911,Buy,2793,566.5
FBV,Preferred,31,0.84,100,764,1436914150903,Buy,3631,840.4
TCW,Preferred,0,0.31,40,305,1436913772325,Buy,1516,335.5
QXP,Common,3,0.86,370,622,1436915801183,Buy,2790,684.2
MQX,Common,23,0.64,210,458,1436909861931,Buy,6897,503.8
FOZ,Preferred,50,0.92,280,810,1436908318323,Sell,9665,891
VUS,Preferred,1,0.01,160,595,1436914646992,Buy,9922,654.5
KDE,Common,29,0.13,90,870,1436908525361,Sell,3168,957
AOC,Common,32,0.22,40,127,1436911573652,Buy,3332,139.7
TMN,Preferred,23,0.52,230,969,1436915426352,Buy,9488,1065.9
YOW,Preferred,41,0.74,50,721,1436917062618,Sell,4534,793.1
AST,Common,0,0.5,150,688,1436915547941,Buy,6226,756.8
AKG,Preferred,5,0.91,400,608,1436907882808,Sell,8737,668.8
ZGN,Common,25,0.63,440,190,1436909610756,Buy,2902,209
PTI,Common,4,1,290,854,1436910894764,Sell,3449,939.4
UNP,Preferred,32,0.58,310,150,1436912603225,Buy,8875,165
VYY,Common,25,0.45,110,528,1436912233579,Buy,8035,580.8
ZQW,Common,7,0.78,390,54,1436914507757,Buy,8212,59.4
OQK,Common,43,0.4,370,909,1436913455270,Sell,9225,999.9
FKA,Preferred,44,0.13,350,649,1436910993282,Buy,1919,713.9
PZB,Common,8,0.47,220,17,1436913506919,Sell,1630,18.7
KTU,Common,26,0.98,20,717,1436917350832,Sell,6616,788.7
YLY,Preferred,44,0.35,320,161,1436915599634,Sell,1673,177.1
CXO,Preferred,4,0.56,70,855,1436912170096,Buy,8052,940.5
TEF,Common,29,0.73,80,94,1436907977374,Sell,5709,103.4
JKI,Common,9,0.6,330,845,1436913015430,Buy,9415,929.5
KRC,Preferred,48,0.92,420,854,1436916619443,Sell,6435,939.4
BBT,Preferred,11,0.07,20,772,1436913255446,Sell,4214,849.2
NTN,Preferred,13,0.99,170,682,1436916829603,Sell,1704,750.2
MMY,Preferred,49,0.08,300,755,1436909239605,Sell,9740,830.5
NIL,Common,33,0.43,260,788,1436914707403,Sell,219,866.8
AEO,Common,3,0.34,180,980,1436913213878,Sell,7869,1078
KCN,Common,23,0.16,500,272,1436908534977,Sell,1628,299.2
SRR,Preferred,37,0.75,80,79,1436907558050,Buy,6144,86.9
UIW,Common,28,0.73,490,429,1436908140204,Buy,3843,471.9
ONZ,Common,17,0.16,360,50,1436911110116,Buy,5638,55
UDV,Common,23,0.47,400,946,1436913267423,Buy,512,1040.6
LER,Preferred,32,0.88,450,752,1436910069626,Sell,4813,827.2
HPE,Preferred,23,0.41,440,45,1436910141821,Sell,3603,49.5
ARC,Preferred,40,0.11,350,977,1436908742458,Buy,5234,1074.7
GPN,Common,41,0.01,400,969,1436907798860,Buy,7474,1065.9
JEI,Common,25,0.63,80,189,1436913218601,Buy,7769,207.9
JEU,Common,49,0.74,390,829,1436914174700,Sell,3218,911.9
DCS,Preferred,50,0.14,500,864,1436913346194,Buy,4933,950.4
TSF,Preferred,13,0.42,50,947,1436910709523,Sell,6786,1041.7
FAK,Common,21,0.15,170,436,1436912081453,Sell,1624,479.6
KWO,Preferred,41,0.96,390,554,1436910443855,Buy,1311,609.4
MIJ,Preferred,15,0.93,430,107,1436915072391,Buy,1564,117.7
NXE,Common,5,0.56,180,691,1436916478360,Buy,9050,760.1
SAW,Common,47,0.66,190,801,1436912383849,Sell,9481,881.1
SDQ,Common,25,0.9,280,820,1436914458032,Buy,4109,902
ZMF,Preferred,29,0.27,300,891,1436911583143,Buy,5030,980.1
PKB,Common,36,0.06,410,504,1436908833090,Sell,6230,554.4
UME,Common,24,0.44,320,137,1436913452404,Buy,1156,150.7
ELI,Preferred,12,0.42,360,621,1436916432325,Buy,297,683.1
PPS,Preferred,46,0.08,330,340,1436911689474,Sell,2390,374
FJS,Common,27,0.11,460,656,1436917173402,Sell,7245,721.6
QLY,Common,41,0.89,420,333,1436912974094,Buy,2124,366.3
NQH,Preferred,16,0.5,360,538,1436915701204,Buy,2820,591.8
CAR,Preferred,34,0.74,380,269,1436917329419,Buy,7859,295.9
GBP,Common,18,0.36,270,758,1436915789562,Sell,316,833.8
UOS,Preferred,35,0.06,60,655,1436913431121,Sell,3532,720.5
PLF,Common,26,0.2,350,785,1436915263520,Buy,6607,863.5
CWP,Preferred,3,0.2,30,8,1436916023748,Sell,4765,8.8
FXV,Preferred,19,0.81,270,561,1436907721553,Sell,1385,617.1
AKJ,Preferred,16,0.16,280,669,1436909503391,Sell,1845,735.9
UMY,Preferred,2,0.66,500,206,1436912608681,Buy,2545,226.6
ZJN,Common,28,0.93,80,615,1436910879982,Sell,4305,676.5
GPY,Common,20,0.46,130,563,1436914964920,Buy,3917,619.3
YEH,Preferred,25,0.87,470,220,1436911202005,Buy,1852,242
ZCK,Preferred,45,0.7,260,723,1436915912553,Buy,4132,795.3
VMR,Preferred,10,0.88,30,935,1436914780573,Sell,3853,1028.5
PKS,Common,5,0.27,490,466,1436913431393,Buy,6966,512.6
QJJ,Common,28,0.43,420,607,1436911912188,Buy,9885,667.7
FYG,Common,22,0.89,210,698,1436916335684,Sell,4783,767.8
SQH,Common,2,0.88,500,750,1436910393201,Sell,9055,825
TBS,Preferred,4,0.56,210,365,1436908264039,Buy,1698,401.5
ZSJ,Common,47,0.6,320,819,1436907541451,Buy,9812,900.9
EWB,Preferred,6,0.94,400,575,1436912463992,Buy,6650,632.5
TMO,Common,46,0.24,200,489,1436908266430,Buy,1557,537.9
GXC,Preferred,9,0.16,140,653,1436909971898,Sell,4990,718.3
CSI,Preferred,7,1,360,311,1436909951744,Buy,4503,342.1
YYY,Preferred,36,0.34,410,64,1436907879273,Sell,4496,70.4
HBS,Preferred,25,0.67,220,590,1436909975990,Sell,7000,649
CSR,Common,2,0.39,210,619,1436911737256,Sell,4248,680.9
FSH,Common,48,0.66,460,634,1436913104075,Buy,8018,697.4
ATY,Common,49,0.83,430,886,1436912383109,Sell,8574,974.6
FKM,Common,22,0.82,40,680,1436914104840,Sell,3411,748
VUA,Preferred,11,0.71,110,117,1436908542286,Buy,632,128.7
XIF,Preferred,19,0.84,100,745,1436909506934,Buy,920,819.5
ZEM,Common,4,0.96,140,329,1436909263946,Sell,4056,361.9
NBC,Preferred,23,0.3,360,716,1436916211566,Sell,9594,787.6
SIV,Preferred,20,0.48,470,870,1436911271313,Sell,4178,957
ZJI,Common,38,0.65,320,855,1436910240365,Buy,4979,940.5
FOY,Preferred,48,0.91,20,878,1436907618268,Buy,9796,965.8
BDK,Common,38,0.54,70,745,1436908870035,Buy,8632,819.5
SHQ,Common,15,0.15,200,653,1436910697156,Buy,5854,718.3
JFG,Common,38,0.43,100,944,1436907792941,Sell,4535,1038.4
IJO,Preferred,42,0.24,190,222,1436910568907,Buy,42,244.2
HLK,Common,31,0.05,140,386,1436917258819,Sell,8213,424.6
XKR,Preferred,6,0.09,210,418,1436908315088,Buy,3387,459.8
YQC,Preferred,41,0.23,350,265,1436916973651,Buy,8958,291.5
QFA,Preferred,17,0.5,430,714,1436916987506,Buy,1953,785.4
RHN,Common,7,0.51,90,36,1436910199911,Sell,1946,39.6
QGK,Common,35,0.42,450,605,1436912320427,Sell,836,665.5
EYA,Preferred,32,0.6,480,267,1436909654336,Buy,1087,293.7
ZQQ,Common,48,0.04,290,783,1436912528541,Buy,3177,861.3
YZE,Common,4,0.07,410,664,1436914260142,Sell,7616,730.4
BGC,Preferred,48,0.83,390,382,1436917055823,Buy,7174,420.2
JQA,Preferred,27,0.05,160,649,1436914380563,Buy,6208,713.9
HBU,Common,6,0.86,120,671,1436914035264,Sell,4977,738.1
VSI,Common,15,0.58,440,790,1436908693047,Buy,5403,869
SBF,Common,30,0.57,310,612,1436915741111,Sell,3604,673.2
ABM,Preferred,34,0.12,270,883,1436908190691,Sell,6520,971.3
YSF,Common,29,0.07,370,694,1436914571190,Sell,9780,763.4
CMV,Common,27,0.52,470,332,1436909475570,Sell,4320,365.2
LCO,Common,28,0.7,460,777,1436909568589,Sell,1233,854.7
AUV,Common,43,0.54,140,909,1436910267077,Sell,1152,999.9
BSQ,Common,4,0.47,270,828,1436913181976,Sell,3610,910.8
BBD,Preferred,21,0.79,380,55,1436909678415,Sell,8736,60.5
KUA,Common,38,0.93,370,238,1436909394895,Buy,89,261.8
SGG,Preferred,21,0.58,100,274,1436911078421,Sell,159,301.4
SJO,Preferred,15,0.1,330,432,1436909375828,Buy,529,475.2
ICP,Preferred,10,0.21,430,535,1436908512044,Sell,85,588.5
DHG,Preferred,10,0.51,120,600,1436909701836,Buy,5433,660
GVK,Common,3,0.59,390,916,1436908672197,Sell,1778,1007.6
ERC,Preferred,23,0.8,70,630,1436911806715,Sell,4015,693
XCF,Common,36,0.39,40,686,1436909400815,Sell,2707,754.6
PWJ,Common,11,0.83,40,378,1436909161553,Buy,1689,415.8
ZOH,Preferred,3,0.63,100,186,1436916131006,Buy,2780,204.6
HFA,Common,3,0.24,380,362,1436914726358,Buy,1805,398.2
EPU,Common,10,0.64,20,182,1436908190047,Sell,3312,200.2
DQQ,Preferred,50,0.88,470,927,1436910517287,Sell,3661,1019.7
VHL,Common,37,0.66,280,172,1436912483748,Sell,9654,189.2
GPK,Preferred,21,0.4,360,447,1436915797658,Sell,8050,491.7
RNU,Preferred,25,0.44,380,589,1436912529765,Sell,4130,647.9
HNH,Preferred,18,0.15,400,266,1436908985413,Sell,785,292.6
IIQ,Preferred,37,0.28,380,499,1436909063939,Buy,299,548.9
OYK,Common,31,0.73,60,877,1436914848370,Buy,9364,964.7
VNC,Common,47,0.06,70,589,1436907919069,Sell,1416,647.9
GPV,Common,9,0.32,20,51,1436914440976,Buy,7003,56.1
GZV,Preferred,40,0.44,260,578,1436910126802,Buy,7264,635.8
IYI,Preferred,18,0.56,370,300,1436909925305,Sell,9517,330
KOV,Common,5,0.84,280,323,1436910693147,Sell,3527,355.3
EPH,Preferred,17,0.24,180,554,1436909611834,Sell,9923,609.4
BWP,Preferred,33,0.17,470,981,1436909967304,Buy,2238,1079.1
UIA,Common,46,0.42,320,619,1436909047485,Sell,1620,680.9
YRF,Common,47,0.61,340,398,1436913214522,Sell,4732,437.8
PRK,Preferred,3,0.32,80,37,1436911002311,Buy,1639,40.7
ZXW,Common,34,0.29,240,447,1436913371549,Buy,1531,491.7
OBW,Preferred,17,0.82,40,505,1436913021659,Sell,9139,555.5
OMH,Preferred,20,0.56,350,482,1436908371497,Sell,4107,530.2
FYE,Preferred,45,0.35,60,371,1436913435327,Sell,1097,408.1
WSU,Preferred,44,0.77,210,225,1436912510720,Sell,7180,247.5
UFP,Common,14,0.72,100,488,1436916823948,Sell,3206,536.8
MHJ,Common,7,0.15,460,510,1436912494971,Buy,9516,561
BSI,Preferred,37,0.2,430,470,1436909513983,Buy,591,517
KQJ,Preferred,33,0.25,220,888,1436916436003,Buy,3891,976.8
MWS,Preferred,10,0.57,110,254,1436914388651,Sell,9425,279.4
LLY,Common,4,0.32,470,198,1436916045964,Sell,6505,217.8
UUE,Preferred,2,0.23,480,683,1436910012259,Buy,5870,751.3
FMX,Preferred,27,0.86,150,985,1436910747758,Sell,2180,1083.5
UFF,Preferred,29,0.23,400,555,1436915581596,Buy,1231,610.5
UHV,Common,39,0.71,210,698,1436915095558,Buy,7431,767.8
KXU,Common,46,0.51,330,16,1436911016227,Sell,658,17.6
MMP,Common,21,0.95,90,397,1436915315934,Sell,2520,436.7
VUI,Common,39,0.22,350,564,1436913899629,Sell,6510,620.4
WVS,Common,12,0.04,390,360,1436911350473,Sell,1638,396
ZEP,Preferred,14,0.83,140,51,1436908950326,Sell,5395,56.1
NQE,Preferred,4,0.16,80,743,1436910800257,Buy,7013,817.3
LTW,Preferred,26,0.48,440,548,1436915980494,Buy,4412,602.8
OVJ,Common,1,0.45,250,715,1436907643444,Sell,9094,786.5
ILL,Preferred,21,0.37,150,31,1436912782560,Buy,302,34.1
CAL,Preferred,47,0.06,290,643,1436907963200,Sell,289,707.3
KDC,Common,19,0.28,320,50,1436909574558,Sell,450,55
SSJ,Common,42,0.84,330,787,1436917116819,Sell,743,865.7
PMW,Preferred,17,0.83,60,218,1436914094455,Sell,6347,239.8
LPK,Common,32,0.28,120,51,1436912853369,Buy,8790,56.1
CRT,Preferred,49,0.89,150,69,1436913687052,Sell,4236,75.9
VGG,Preferred,38,0.54,270,784,1436916172754,Buy,6739,862.4
VDY,Preferred,18,0.65,380,232,1436908316393,Sell,3259,255.2
UNF,Preferred,39,0.43,260,378,1436915778718,Sell,1197,415.8
ASI,Common,3,0.56,470,953,1436910183972,Sell,6193,1048.3
OFB,Common,40,0.19,280,688,1436908413707,Sell,565,756.8
WKX,Preferred,16,0.34,490,289,1436909319047,Buy,7581,317.9
SMY,Preferred,42,1,470,205,1436911816177,Buy,694,225.5
SXB,Common,32,0.02,90,513,1436916096160,Sell,6775,564.3
RTK,Preferred,7,0.65,130,164,1436908454271,Buy,270,180.4
LBL,Preferred,5,0.92,110,952,1436911083822,Sell,7326,1047.2
LAS,Preferred,23,0.71,490,511,1436910350501,Buy,8432,562.1
CVK,Preferred,9,0.19,340,545,1436913714963,Buy,8961,599.5
HEE,Common,20,0.86,240,505,1436912525161,Sell,1477,555.5
GUX,Preferred,4,0.51,250,496,1436909283986,Buy,6583,545.6
QKA,Preferred,6,0.78,280,457,1436912749183,Buy,2019,502.7
UCA,Preferred,43,0.57,280,937,1436916072673,Sell,957,1030.7
WKY,Common,7,0.79,250,487,1436908575010,Buy,3628,535.7
OCS,Common,19,0.26,50,533,1436912308809,Sell,9114,586.3
IXB,Preferred,28,0.27,460,181,1436911507931,Buy,8065,199.1
MJL,Common,22,0.01,410,31,1436908542944,Buy,9586,34.1
UBT,Common,13,0.07,210,894,1436915278773,Buy,3151,983.4
EYX,Preferred,2,0.96,350,742,1436911355010,Sell,723,816.2
IIJ,Common,10,0.37,70,346,1436916156155,Sell,1941,380.6
BDH,Preferred,35,0.48,180,419,1436916313333,Sell,7217,460.9
